{
  "average_text_f1": 0.3008130801553333,
  "average_chart_type_f1": 0.5300294033924999,
  "average_layout_f1": 0.423055555556,
  "average_color_f1": 0.27569060662783335,
  "average_lowlevel": 0.38239716143291663
}