{
  "average_text_f1": 0.2711864859808334,
  "average_chart_type_f1": 0.40869325679183327,
  "average_layout_f1": 0.38327777777816663,
  "average_color_f1": 0.24396284687516678,
  "average_lowlevel": 0.32678009185650003
}