{
  "average_text_f1": 0.27118648598083334,
  "average_chart_type_f1": 0.4086932567918333,
  "average_layout_f1": 0.3832777777781667,
  "average_color_f1": 0.2439628468751667,
  "average_lowlevel": 0.3267800918565
}