{
  "average_text_f1": 0.26316553580450003,
  "average_chart_type_f1": 0.5145752377053334,
  "average_layout_f1": 0.529444444445,
  "average_color_f1": 0.2619860044755,
  "average_lowlevel": 0.39229280560758334
}