{
  "average_text_f1": 0.2631655358044998,
  "average_chart_type_f1": 0.5145752377053334,
  "average_layout_f1": 0.5294444444449999,
  "average_color_f1": 0.2619860044755001,
  "average_lowlevel": 0.3922928056075833
}